Delta,Time,CPU_FREQUENCY_0,CPU_FREQUENCY_1,CPU_FREQUENCY_10,CPU_FREQUENCY_11,CPU_FREQUENCY_12,CPU_FREQUENCY_13,CPU_FREQUENCY_14,CPU_FREQUENCY_15,CPU_FREQUENCY_16,CPU_FREQUENCY_17,CPU_FREQUENCY_18,CPU_FREQUENCY_19,CPU_FREQUENCY_2,CPU_FREQUENCY_20,CPU_FREQUENCY_21,CPU_FREQUENCY_22,CPU_FREQUENCY_23,CPU_FREQUENCY_24,CPU_FREQUENCY_25,CPU_FREQUENCY_26,CPU_FREQUENCY_27,CPU_FREQUENCY_28,CPU_FREQUENCY_29,CPU_FREQUENCY_3,CPU_FREQUENCY_30,CPU_FREQUENCY_31,CPU_FREQUENCY_4,CPU_FREQUENCY_5,CPU_FREQUENCY_6,CPU_FREQUENCY_7,CPU_FREQUENCY_8,CPU_FREQUENCY_9,CPU_USAGE_0,CPU_USAGE_1,CPU_USAGE_10,CPU_USAGE_11,CPU_USAGE_12,CPU_USAGE_13,CPU_USAGE_14,CPU_USAGE_15,CPU_USAGE_16,CPU_USAGE_17,CPU_USAGE_18,CPU_USAGE_19,CPU_USAGE_2,CPU_USAGE_20,CPU_USAGE_21,CPU_USAGE_22,CPU_USAGE_23,CPU_USAGE_24,CPU_USAGE_25,CPU_USAGE_26,CPU_USAGE_27,CPU_USAGE_28,CPU_USAGE_29,CPU_USAGE_3,CPU_USAGE_30,CPU_USAGE_31,CPU_USAGE_4,CPU_USAGE_5,CPU_USAGE_6,CPU_USAGE_7,CPU_USAGE_8,CPU_USAGE_9,DRAM_ENERGY (J),PACKAGE_ENERGY (J),PP0_ENERGY (J),TOTAL_MEMORY,TOTAL_SWAP,USED_MEMORY,USED_SWAP
0,1727766963668,2100,2100,2500,800,2500,2499,2499,2099,2100,2100,2766,2584,2530,2765,2765,2100,2100,2499,1180,2500,799,2500,2500,2772,2500,2068,2528,2548,2100,2100,2499,1361,0,0,100,0,100,100,0,0,0,0,100,61.904762268066406,0,100,100,0,0,0,0,0,0,0,0,36.3636360168457,100,0,0,0,0,0,100,0,245779.75299072266,165869.00311279297,0,404334895104,8589930496,66340052992,0
199,1727766963668,2100,2100,2500,800,2500,2499,2499,2099,2100,2100,2766,2584,2530,2765,2765,2100,2100,2499,1180,2500,799,2500,2500,2772,2500,2068,2528,2548,2100,2100,2499,1361,0,0,100,0,100,100,0,0,0,0,100,61.904762268066406,0,100,100,0,0,0,0,0,0,0,0,36.3636360168457,100,0,0,0,0,0,100,0,245779.76837158203,165869.04864501953,0,404334895104,8589930496,66340139008,0
0,1727766963869,2100,2100,2500,800,2500,2499,2499,2099,2100,2100,2766,2584,2530,2765,2765,2100,2100,2499,1180,2500,799,2500,2500,2772,2500,2068,2528,2548,2100,2100,2499,1361,5.263157844543457,0,100,0,100,100,0,0,0,0,100,100,0,100,100,0,0,0,0,0,0,0,0,0,100,0,0,0,0,0,100,0,245782.53314208984,165878.35455322266,0,404334895104,8589930496,66340057088,0
