Delta,Time,CPU_FREQUENCY_0,CPU_FREQUENCY_1,CPU_FREQUENCY_10,CPU_FREQUENCY_11,CPU_FREQUENCY_12,CPU_FREQUENCY_13,CPU_FREQUENCY_14,CPU_FREQUENCY_15,CPU_FREQUENCY_16,CPU_FREQUENCY_17,CPU_FREQUENCY_18,CPU_FREQUENCY_19,CPU_FREQUENCY_2,CPU_FREQUENCY_20,CPU_FREQUENCY_21,CPU_FREQUENCY_22,CPU_FREQUENCY_23,CPU_FREQUENCY_24,CPU_FREQUENCY_25,CPU_FREQUENCY_26,CPU_FREQUENCY_27,CPU_FREQUENCY_28,CPU_FREQUENCY_29,CPU_FREQUENCY_3,CPU_FREQUENCY_30,CPU_FREQUENCY_31,CPU_FREQUENCY_4,CPU_FREQUENCY_5,CPU_FREQUENCY_6,CPU_FREQUENCY_7,CPU_FREQUENCY_8,CPU_FREQUENCY_9,CPU_USAGE_0,CPU_USAGE_1,CPU_USAGE_10,CPU_USAGE_11,CPU_USAGE_12,CPU_USAGE_13,CPU_USAGE_14,CPU_USAGE_15,CPU_USAGE_16,CPU_USAGE_17,CPU_USAGE_18,CPU_USAGE_19,CPU_USAGE_2,CPU_USAGE_20,CPU_USAGE_21,CPU_USAGE_22,CPU_USAGE_23,CPU_USAGE_24,CPU_USAGE_25,CPU_USAGE_26,CPU_USAGE_27,CPU_USAGE_28,CPU_USAGE_29,CPU_USAGE_3,CPU_USAGE_30,CPU_USAGE_31,CPU_USAGE_4,CPU_USAGE_5,CPU_USAGE_6,CPU_USAGE_7,CPU_USAGE_8,CPU_USAGE_9,DRAM_ENERGY (J),PACKAGE_ENERGY (J),PP0_ENERGY (J),TOTAL_MEMORY,TOTAL_SWAP,USED_MEMORY,USED_SWAP
0,1727809308282,2500,2499,1582,2598,2094,2100,2645,2842,2499,2499,2499,2499,2500,2075,2100,1602,2499,2100,2837,1920,2836,1934,2100,2500,2835,2649,2089,2099,1697,2500,2100,2593,0,100,0,4.761904716491699,0,0,0,80,100,4.545454502105713,100,0,0,0,4.545454502105713,0,100,4.761904716491699,100,0,100,0,4.761904716491699,100,100,27.272727966308594,0,0,0,0,0,0,60256.98114013672,67160.21362304688,0,404334895104,8589930496,121929322496,0
199,1727809308283,2500,2499,1582,2598,2094,2100,2645,2842,2499,2499,2499,2499,2500,2075,2100,1602,2499,2100,2837,1920,2836,1934,2100,2500,2835,2649,2089,2099,1697,2500,2100,2593,0,100,0,4.761904716491699,0,0,0,80,100,4.545454502105713,100,0,0,0,4.545454502105713,0,100,4.761904716491699,100,0,100,0,4.761904716491699,100,100,27.272727966308594,0,0,0,0,0,0,60256.99377441406,67160.26342773438,0,404334895104,8589930496,121929515008,0
0,1727809308483,2500,2499,1582,2598,2094,2100,2645,2842,2499,2499,2499,2499,2500,2075,2100,1602,2499,2100,2837,1920,2836,1934,2100,2500,2835,2649,2089,2099,1697,2500,2100,2593,0,100,0,0,0,4.761904716491699,0,0,100,0,100,0,0,0,0,0,100,0,100,0,100,0,14.285715103149414,100,100,100,0,0,0,0,0,0,60259.75378417969,67169.73852539063,0,404334895104,8589930496,121929322496,0
