Delta,Time,CPU_FREQUENCY_0,CPU_FREQUENCY_1,CPU_FREQUENCY_10,CPU_FREQUENCY_11,CPU_FREQUENCY_12,CPU_FREQUENCY_13,CPU_FREQUENCY_14,CPU_FREQUENCY_15,CPU_FREQUENCY_16,CPU_FREQUENCY_17,CPU_FREQUENCY_18,CPU_FREQUENCY_19,CPU_FREQUENCY_2,CPU_FREQUENCY_20,CPU_FREQUENCY_21,CPU_FREQUENCY_22,CPU_FREQUENCY_23,CPU_FREQUENCY_24,CPU_FREQUENCY_25,CPU_FREQUENCY_26,CPU_FREQUENCY_27,CPU_FREQUENCY_28,CPU_FREQUENCY_29,CPU_FREQUENCY_3,CPU_FREQUENCY_30,CPU_FREQUENCY_31,CPU_FREQUENCY_4,CPU_FREQUENCY_5,CPU_FREQUENCY_6,CPU_FREQUENCY_7,CPU_FREQUENCY_8,CPU_FREQUENCY_9,CPU_USAGE_0,CPU_USAGE_1,CPU_USAGE_10,CPU_USAGE_11,CPU_USAGE_12,CPU_USAGE_13,CPU_USAGE_14,CPU_USAGE_15,CPU_USAGE_16,CPU_USAGE_17,CPU_USAGE_18,CPU_USAGE_19,CPU_USAGE_2,CPU_USAGE_20,CPU_USAGE_21,CPU_USAGE_22,CPU_USAGE_23,CPU_USAGE_24,CPU_USAGE_25,CPU_USAGE_26,CPU_USAGE_27,CPU_USAGE_28,CPU_USAGE_29,CPU_USAGE_3,CPU_USAGE_30,CPU_USAGE_31,CPU_USAGE_4,CPU_USAGE_5,CPU_USAGE_6,CPU_USAGE_7,CPU_USAGE_8,CPU_USAGE_9,DRAM_ENERGY (J),PACKAGE_ENERGY (J),PP0_ENERGY (J),TOTAL_MEMORY,TOTAL_SWAP,USED_MEMORY,USED_SWAP
0,1727789692935,2090,2100,1039,2500,2074,2499,2500,1897,2088,2100,2693,2069,2753,2746,2600,2746,2100,2499,2499,1188,2500,2058,2499,1971,2499,1962,2610,2752,2665,1817,2500,2500,4.761904716491699,4.545454502105713,4.545454502105713,0,0,4.545454502105713,100,4.545454502105713,4.545454502105713,0,4.545454502105713,0,100,100,0,100,0,100,100,0,100,0,100,4.545454502105713,0,4.34782600402832,0,100,4.545454502105713,0,0,0,42665.139221191406,191880.0366821289,0,404334895104,8589930496,68079169536,0
199,1727789692935,2090,2100,1039,2500,2074,2499,2500,1897,2088,2100,2693,2069,2753,2746,2600,2746,2100,2499,2499,1188,2500,2058,2499,1971,2499,1962,2610,2752,2665,1817,2500,2500,4.761904716491699,4.545454502105713,4.545454502105713,0,0,4.545454502105713,100,4.545454502105713,4.545454502105713,0,4.545454502105713,0,100,100,0,100,0,100,100,0,100,0,100,4.545454502105713,0,4.34782600402832,0,100,4.545454502105713,0,0,0,42665.154541015625,191880.08087158203,0,404334895104,8589930496,68079431680,0
0,1727789693136,2090,2100,1039,2500,2074,2499,2500,1897,2088,2100,2693,2069,2753,2746,2600,2746,2100,2499,2499,1188,2500,2058,2499,1971,2499,1962,2610,2752,2665,1817,2500,2500,4.761904716491699,10,0,0,0,0,100,0,0,0,0,0,100,100,0,100,0,100,100,0,100,0,100,0,0,0,0,100,0,0,0,0,42668.071350097656,191889.138671875,0,404334895104,8589930496,68079181824,0
