Delta,Time,CPU_FREQUENCY_0,CPU_FREQUENCY_1,CPU_FREQUENCY_10,CPU_FREQUENCY_11,CPU_FREQUENCY_12,CPU_FREQUENCY_13,CPU_FREQUENCY_14,CPU_FREQUENCY_15,CPU_FREQUENCY_16,CPU_FREQUENCY_17,CPU_FREQUENCY_18,CPU_FREQUENCY_19,CPU_FREQUENCY_2,CPU_FREQUENCY_20,CPU_FREQUENCY_21,CPU_FREQUENCY_22,CPU_FREQUENCY_23,CPU_FREQUENCY_24,CPU_FREQUENCY_25,CPU_FREQUENCY_26,CPU_FREQUENCY_27,CPU_FREQUENCY_28,CPU_FREQUENCY_29,CPU_FREQUENCY_3,CPU_FREQUENCY_30,CPU_FREQUENCY_31,CPU_FREQUENCY_4,CPU_FREQUENCY_5,CPU_FREQUENCY_6,CPU_FREQUENCY_7,CPU_FREQUENCY_8,CPU_FREQUENCY_9,CPU_USAGE_0,CPU_USAGE_1,CPU_USAGE_10,CPU_USAGE_11,CPU_USAGE_12,CPU_USAGE_13,CPU_USAGE_14,CPU_USAGE_15,CPU_USAGE_16,CPU_USAGE_17,CPU_USAGE_18,CPU_USAGE_19,CPU_USAGE_2,CPU_USAGE_20,CPU_USAGE_21,CPU_USAGE_22,CPU_USAGE_23,CPU_USAGE_24,CPU_USAGE_25,CPU_USAGE_26,CPU_USAGE_27,CPU_USAGE_28,CPU_USAGE_29,CPU_USAGE_3,CPU_USAGE_30,CPU_USAGE_31,CPU_USAGE_4,CPU_USAGE_5,CPU_USAGE_6,CPU_USAGE_7,CPU_USAGE_8,CPU_USAGE_9,DRAM_ENERGY (J),PACKAGE_ENERGY (J),PP0_ENERGY (J),TOTAL_MEMORY,TOTAL_SWAP,USED_MEMORY,USED_SWAP
0,1727807479584,2525,2540,1869,2499,2500,2078,2499,2499,2740,2740,1901,2068,1870,2100,2689,2371,2738,2499,1974,2030,2500,2499,2099,2079,2500,2500,2100,2744,2378,2538,2500,1988,0,0,0,0,100,0,4.545454502105713,0,100,100,0,4.761904716491699,4.761904716491699,0,0,4.761904716491699,100,0,0,0,100,0,0,0,100,100,0,100,0,0,100,0,34272.74499511719,242778.43188476563,0,404334895104,8589930496,122055614464,0
199,1727807479584,2525,2540,1869,2499,2500,2078,2499,2499,2740,2740,1901,2068,1870,2100,2689,2371,2738,2499,1974,2030,2500,2499,2099,2079,2500,2500,2100,2744,2378,2538,2500,1988,0,0,0,0,100,0,4.545454502105713,0,100,100,0,4.761904716491699,4.761904716491699,0,0,4.761904716491699,100,0,0,0,100,0,0,0,100,100,0,100,0,0,100,0,34272.75891113281,242778.4790649414,0,404334895104,8589930496,122056032256,0
0,1727807479784,2525,2540,1869,2499,2500,2078,2499,2499,2740,2740,1901,2068,1870,2100,2689,2371,2738,2499,1974,2030,2500,2499,2099,2079,2500,2500,2100,2744,2378,2538,2500,1988,0,0,0,0,100,0,0,0,100,100,0,14.285715103149414,0,0,0,0,100,30.000001907348633,0,0,100,0,0,0,100,100,0,100,0,0,70,0,34275.531311035156,242787.96221923828,0,404334895104,8589930496,122055614464,0
