Delta,Time,CPU_FREQUENCY_0,CPU_FREQUENCY_1,CPU_FREQUENCY_10,CPU_FREQUENCY_11,CPU_FREQUENCY_12,CPU_FREQUENCY_13,CPU_FREQUENCY_14,CPU_FREQUENCY_15,CPU_FREQUENCY_16,CPU_FREQUENCY_17,CPU_FREQUENCY_18,CPU_FREQUENCY_19,CPU_FREQUENCY_2,CPU_FREQUENCY_20,CPU_FREQUENCY_21,CPU_FREQUENCY_22,CPU_FREQUENCY_23,CPU_FREQUENCY_24,CPU_FREQUENCY_25,CPU_FREQUENCY_26,CPU_FREQUENCY_27,CPU_FREQUENCY_28,CPU_FREQUENCY_29,CPU_FREQUENCY_3,CPU_FREQUENCY_30,CPU_FREQUENCY_31,CPU_FREQUENCY_4,CPU_FREQUENCY_5,CPU_FREQUENCY_6,CPU_FREQUENCY_7,CPU_FREQUENCY_8,CPU_FREQUENCY_9,CPU_USAGE_0,CPU_USAGE_1,CPU_USAGE_10,CPU_USAGE_11,CPU_USAGE_12,CPU_USAGE_13,CPU_USAGE_14,CPU_USAGE_15,CPU_USAGE_16,CPU_USAGE_17,CPU_USAGE_18,CPU_USAGE_19,CPU_USAGE_2,CPU_USAGE_20,CPU_USAGE_21,CPU_USAGE_22,CPU_USAGE_23,CPU_USAGE_24,CPU_USAGE_25,CPU_USAGE_26,CPU_USAGE_27,CPU_USAGE_28,CPU_USAGE_29,CPU_USAGE_3,CPU_USAGE_30,CPU_USAGE_31,CPU_USAGE_4,CPU_USAGE_5,CPU_USAGE_6,CPU_USAGE_7,CPU_USAGE_8,CPU_USAGE_9,DRAM_ENERGY (J),PACKAGE_ENERGY (J),PP0_ENERGY (J),TOTAL_MEMORY,TOTAL_SWAP,USED_MEMORY,USED_SWAP
0,1727774510708,2804,2572,2499,2500,2499,2500,2502,2099,2634,2796,1921,2256,2062,2100,2556,2091,2529,2045,800,2499,2500,2500,2499,2438,2499,2100,2100,2802,2088,2801,2070,800,0,0,0,0,0,0,0,0,100,100,0,0,0,0,0,0,0,0,0,100,100,100,100,0,100,0,0,100,0,100,0,0,89166.58282470703,260784.70318603516,0,404334895104,8589930496,66359119872,0
199,1727774510708,2804,2572,2499,2500,2499,2500,2502,2099,2634,2796,1921,2256,2062,2100,2556,2091,2529,2045,800,2499,2500,2500,2499,2438,2499,2100,2100,2802,2088,2801,2070,800,0,0,0,0,0,0,0,0,100,100,0,0,0,0,0,0,0,0,0,100,100,100,100,0,100,0,0,100,0,100,0,0,89166.59765625,260784.74774169922,0,404334895104,8589930496,66359468032,0
0,1727774510908,2804,2572,2499,2500,2499,2500,2502,2099,2634,2796,1921,2256,2062,2100,2556,2091,2529,2045,800,2499,2500,2500,2499,2438,2499,2100,2100,2802,2088,2801,2070,800,0,0,0,0,5,0,0,0,100,100,4.761904716491699,0,0,10,0,0,0,0,0,100,100,95,100,0,100,0,0,100,0,100,0,0,89169.40954589844,260794.26342773438,0,404334895104,8589930496,66359123968,0
