Delta,Time,CPU_FREQUENCY_0,CPU_FREQUENCY_1,CPU_FREQUENCY_10,CPU_FREQUENCY_11,CPU_FREQUENCY_12,CPU_FREQUENCY_13,CPU_FREQUENCY_14,CPU_FREQUENCY_15,CPU_FREQUENCY_16,CPU_FREQUENCY_17,CPU_FREQUENCY_18,CPU_FREQUENCY_19,CPU_FREQUENCY_2,CPU_FREQUENCY_20,CPU_FREQUENCY_21,CPU_FREQUENCY_22,CPU_FREQUENCY_23,CPU_FREQUENCY_24,CPU_FREQUENCY_25,CPU_FREQUENCY_26,CPU_FREQUENCY_27,CPU_FREQUENCY_28,CPU_FREQUENCY_29,CPU_FREQUENCY_3,CPU_FREQUENCY_30,CPU_FREQUENCY_31,CPU_FREQUENCY_4,CPU_FREQUENCY_5,CPU_FREQUENCY_6,CPU_FREQUENCY_7,CPU_FREQUENCY_8,CPU_FREQUENCY_9,CPU_USAGE_0,CPU_USAGE_1,CPU_USAGE_10,CPU_USAGE_11,CPU_USAGE_12,CPU_USAGE_13,CPU_USAGE_14,CPU_USAGE_15,CPU_USAGE_16,CPU_USAGE_17,CPU_USAGE_18,CPU_USAGE_19,CPU_USAGE_2,CPU_USAGE_20,CPU_USAGE_21,CPU_USAGE_22,CPU_USAGE_23,CPU_USAGE_24,CPU_USAGE_25,CPU_USAGE_26,CPU_USAGE_27,CPU_USAGE_28,CPU_USAGE_29,CPU_USAGE_3,CPU_USAGE_30,CPU_USAGE_31,CPU_USAGE_4,CPU_USAGE_5,CPU_USAGE_6,CPU_USAGE_7,CPU_USAGE_8,CPU_USAGE_9,DRAM_ENERGY (J),PACKAGE_ENERGY (J),PP0_ENERGY (J),TOTAL_MEMORY,TOTAL_SWAP,USED_MEMORY,USED_SWAP
0,1727814805343,2499,2060,2100,2524,1847,2535,2712,2830,2500,2051,1748,2501,1592,1854,2500,2499,2500,2100,2099,2099,2824,1862,2823,2499,2823,2543,1935,2499,2499,2499,2100,2100,0,0,4.761904716491699,0,0,0,0,100,100,0,0,0,0,4.761904716491699,0,100,4.761904716491699,0,0,0,100,0,100,100,100,0,0,100,0,100,0,0,137827.44903564453,61506.377685546875,0,404334895104,8589930496,121936695296,0
199,1727814805344,2499,2060,2100,2524,1847,2535,2712,2830,2500,2051,1748,2501,1592,1854,2500,2499,2500,2100,2099,2099,2824,1862,2823,2499,2823,2543,1935,2499,2499,2499,2100,2100,0,0,4.761904716491699,0,0,0,0,100,100,0,0,0,0,4.761904716491699,0,100,4.761904716491699,0,0,0,100,0,100,100,100,0,0,100,0,100,0,0,137827.46350097656,61506.424865722656,0,404334895104,8589930496,121936846848,0
0,1727814805544,2499,2060,2100,2524,1847,2535,2712,2830,2500,2051,1748,2501,1592,1854,2500,2499,2500,2100,2099,2099,2824,1862,2823,2499,2823,2543,1935,2499,2499,2499,2100,2100,0,4.761904716491699,0,0,0,0,0,100,100,0,0,0,0,0,0,100,0,0,10.526315689086914,0,100,0,100,100,100,0,4.761904716491699,100,0,100,0,0,137830.3380126953,61515.705993652344,0,404334895104,8589930496,121936695296,0
