Delta,Time,CPU_FREQUENCY_0,CPU_FREQUENCY_1,CPU_FREQUENCY_10,CPU_FREQUENCY_11,CPU_FREQUENCY_12,CPU_FREQUENCY_13,CPU_FREQUENCY_14,CPU_FREQUENCY_15,CPU_FREQUENCY_16,CPU_FREQUENCY_17,CPU_FREQUENCY_18,CPU_FREQUENCY_19,CPU_FREQUENCY_2,CPU_FREQUENCY_20,CPU_FREQUENCY_21,CPU_FREQUENCY_22,CPU_FREQUENCY_23,CPU_FREQUENCY_24,CPU_FREQUENCY_25,CPU_FREQUENCY_26,CPU_FREQUENCY_27,CPU_FREQUENCY_28,CPU_FREQUENCY_29,CPU_FREQUENCY_3,CPU_FREQUENCY_30,CPU_FREQUENCY_31,CPU_FREQUENCY_4,CPU_FREQUENCY_5,CPU_FREQUENCY_6,CPU_FREQUENCY_7,CPU_FREQUENCY_8,CPU_FREQUENCY_9,CPU_USAGE_0,CPU_USAGE_1,CPU_USAGE_10,CPU_USAGE_11,CPU_USAGE_12,CPU_USAGE_13,CPU_USAGE_14,CPU_USAGE_15,CPU_USAGE_16,CPU_USAGE_17,CPU_USAGE_18,CPU_USAGE_19,CPU_USAGE_2,CPU_USAGE_20,CPU_USAGE_21,CPU_USAGE_22,CPU_USAGE_23,CPU_USAGE_24,CPU_USAGE_25,CPU_USAGE_26,CPU_USAGE_27,CPU_USAGE_28,CPU_USAGE_29,CPU_USAGE_3,CPU_USAGE_30,CPU_USAGE_31,CPU_USAGE_4,CPU_USAGE_5,CPU_USAGE_6,CPU_USAGE_7,CPU_USAGE_8,CPU_USAGE_9,DRAM_ENERGY (J),PACKAGE_ENERGY (J),PP0_ENERGY (J),TOTAL_MEMORY,TOTAL_SWAP,USED_MEMORY,USED_SWAP
0,1727816645211,2499,2500,2100,2841,2679,2188,2555,2552,2499,2499,2499,2499,2499,2500,2100,1740,1320,2100,1894,2100,2554,2834,2191,2500,2833,2832,2499,2099,1487,1802,2100,2100,90.47618865966797,4.761904716491699,4.545454502105713,100,40,4.761904716491699,0,0,9.523809432983398,100,100,4.545454502105713,4.545454502105713,0,0,4.761904716491699,4.761904716491699,0,0,0,8.69565200805664,61.904762268066406,0,100,100,100,100,4.545454502105713,0,4.761904716491699,0,0,163632.59216308594,146811.86798095703,0,404334895104,8589930496,121941127168,0
199,1727816645212,2499,2500,2100,2841,2679,2188,2555,2552,2499,2499,2499,2499,2499,2500,2100,1740,1320,2100,1894,2100,2554,2834,2191,2500,2833,2832,2499,2099,1487,1802,2100,2100,90.47618865966797,4.761904716491699,4.545454502105713,100,40,4.761904716491699,0,0,9.523809432983398,100,100,4.545454502105713,4.545454502105713,0,0,4.761904716491699,4.761904716491699,0,0,0,8.69565200805664,61.904762268066406,0,100,100,100,100,4.545454502105713,0,4.761904716491699,0,0,163632.60736083984,146811.91595458984,0,404334895104,8589930496,121941344256,0
0,1727816645412,2499,2500,2100,2841,2679,2188,2555,2552,2499,2499,2499,2499,2499,2500,2100,1740,1320,2100,1894,2100,2554,2834,2191,2500,2833,2832,2499,2099,1487,1802,2100,2100,0,0,0,100,100,0,0,0,100,100,100,0,0,0,0,0,0,0,0,14.285715103149414,0,0,0,100,100,100,100,0,0,0,0,0,163635.4208984375,146821.4057006836,0,404334895104,8589930496,121941131264,0
