Delta,Time,CPU_FREQUENCY_0,CPU_FREQUENCY_1,CPU_FREQUENCY_10,CPU_FREQUENCY_11,CPU_FREQUENCY_12,CPU_FREQUENCY_13,CPU_FREQUENCY_14,CPU_FREQUENCY_15,CPU_FREQUENCY_16,CPU_FREQUENCY_17,CPU_FREQUENCY_18,CPU_FREQUENCY_19,CPU_FREQUENCY_2,CPU_FREQUENCY_20,CPU_FREQUENCY_21,CPU_FREQUENCY_22,CPU_FREQUENCY_23,CPU_FREQUENCY_24,CPU_FREQUENCY_25,CPU_FREQUENCY_26,CPU_FREQUENCY_27,CPU_FREQUENCY_28,CPU_FREQUENCY_29,CPU_FREQUENCY_3,CPU_FREQUENCY_30,CPU_FREQUENCY_31,CPU_FREQUENCY_4,CPU_FREQUENCY_5,CPU_FREQUENCY_6,CPU_FREQUENCY_7,CPU_FREQUENCY_8,CPU_FREQUENCY_9,CPU_USAGE_0,CPU_USAGE_1,CPU_USAGE_10,CPU_USAGE_11,CPU_USAGE_12,CPU_USAGE_13,CPU_USAGE_14,CPU_USAGE_15,CPU_USAGE_16,CPU_USAGE_17,CPU_USAGE_18,CPU_USAGE_19,CPU_USAGE_2,CPU_USAGE_20,CPU_USAGE_21,CPU_USAGE_22,CPU_USAGE_23,CPU_USAGE_24,CPU_USAGE_25,CPU_USAGE_26,CPU_USAGE_27,CPU_USAGE_28,CPU_USAGE_29,CPU_USAGE_3,CPU_USAGE_30,CPU_USAGE_31,CPU_USAGE_4,CPU_USAGE_5,CPU_USAGE_6,CPU_USAGE_7,CPU_USAGE_8,CPU_USAGE_9,DRAM_ENERGY (J),PACKAGE_ENERGY (J),PP0_ENERGY (J),TOTAL_MEMORY,TOTAL_SWAP,USED_MEMORY,USED_SWAP
0,1727810222846,2499,2500,922,2500,2100,2575,2500,2499,2500,2499,2499,2500,2499,2100,2100,2099,2500,2099,2100,2100,2574,2099,2500,2499,2573,2573,2100,1173,2100,2499,2099,2100,0,0,4.545454502105713,0,4.545454502105713,0,0,0,100,100,0,100,100,9.090909004211426,4.761904716491699,0,0,0,4.545454502105713,0,100,0,100,0,100,100,0,4.761904716491699,4.761904716491699,100,0,4.761904716491699,73178.74572753906,110225.32507324219,0,404334895104,8589930496,121931149312,0
199,1727810222846,2499,2500,922,2500,2100,2575,2500,2499,2500,2499,2499,2500,2499,2100,2100,2099,2500,2099,2100,2100,2574,2099,2500,2499,2573,2573,2100,1173,2100,2499,2099,2100,0,0,4.545454502105713,0,4.545454502105713,0,0,0,100,100,0,100,100,9.090909004211426,4.761904716491699,0,0,0,4.545454502105713,0,100,0,100,0,100,100,0,4.761904716491699,4.761904716491699,100,0,4.761904716491699,73178.76055908203,110225.37615966797,0,404334895104,8589930496,121931464704,0
0,1727810223046,2499,2500,922,2500,2100,2575,2500,2499,2500,2499,2499,2500,2499,2100,2100,2099,2500,2099,2100,2100,2574,2099,2500,2499,2573,2573,2100,1173,2100,2499,2099,2100,0,0,0,0,0,0,0,0,100,100,0,100,100,0,0,4.761904716491699,0,0,0,0,100,14.285715103149414,100,0,100,100,0,0,0,100,0,0,73181.5737915039,110234.82434082031,0,404334895104,8589930496,121931141120,0
