Delta,Time,CPU_FREQUENCY_0,CPU_FREQUENCY_1,CPU_FREQUENCY_10,CPU_FREQUENCY_11,CPU_FREQUENCY_12,CPU_FREQUENCY_13,CPU_FREQUENCY_14,CPU_FREQUENCY_15,CPU_FREQUENCY_16,CPU_FREQUENCY_17,CPU_FREQUENCY_18,CPU_FREQUENCY_19,CPU_FREQUENCY_2,CPU_FREQUENCY_20,CPU_FREQUENCY_21,CPU_FREQUENCY_22,CPU_FREQUENCY_23,CPU_FREQUENCY_24,CPU_FREQUENCY_25,CPU_FREQUENCY_26,CPU_FREQUENCY_27,CPU_FREQUENCY_28,CPU_FREQUENCY_29,CPU_FREQUENCY_3,CPU_FREQUENCY_30,CPU_FREQUENCY_31,CPU_FREQUENCY_4,CPU_FREQUENCY_5,CPU_FREQUENCY_6,CPU_FREQUENCY_7,CPU_FREQUENCY_8,CPU_FREQUENCY_9,CPU_USAGE_0,CPU_USAGE_1,CPU_USAGE_10,CPU_USAGE_11,CPU_USAGE_12,CPU_USAGE_13,CPU_USAGE_14,CPU_USAGE_15,CPU_USAGE_16,CPU_USAGE_17,CPU_USAGE_18,CPU_USAGE_19,CPU_USAGE_2,CPU_USAGE_20,CPU_USAGE_21,CPU_USAGE_22,CPU_USAGE_23,CPU_USAGE_24,CPU_USAGE_25,CPU_USAGE_26,CPU_USAGE_27,CPU_USAGE_28,CPU_USAGE_29,CPU_USAGE_3,CPU_USAGE_30,CPU_USAGE_31,CPU_USAGE_4,CPU_USAGE_5,CPU_USAGE_6,CPU_USAGE_7,CPU_USAGE_8,CPU_USAGE_9,DRAM_ENERGY (J),PACKAGE_ENERGY (J),PP0_ENERGY (J),TOTAL_MEMORY,TOTAL_SWAP,USED_MEMORY,USED_SWAP
0,1727653232489,1818,2499,2499,1531,1789,2500,1016,860,1501,2499,2500,2499,2500,912,2500,1179,2499,2499,2500,2500,854,1461,2499,2500,842,1517,812,2499,1167,2499,2500,2500,2.5,100,0,2.5,2.5,100,0,7.317072868347168,2.5,4.878048419952393,2.4390242099761963,2.4390242099761963,100,2.5641026496887207,100,4.878048419952393,100,0,100,100,0,5,7.692307949066162,100,2.5,2.5641026496887207,2.5,2.4390242099761963,7.317072868347168,0,100,0,217839.51531982422,60587.408752441406,0,404334895104,8589930496,65314287616,0
199,1727653232489,1818,2499,2499,1531,1789,2500,1016,860,1501,2499,2500,2499,2500,912,2500,1179,2499,2499,2500,2500,854,1461,2499,2500,842,1517,812,2499,1167,2499,2500,2500,2.5,100,0,2.5,2.5,100,0,7.317072868347168,2.5,4.878048419952393,2.4390242099761963,2.4390242099761963,100,2.5641026496887207,100,4.878048419952393,100,0,100,100,0,5,7.692307949066162,100,2.5,2.5641026496887207,2.5,2.4390242099761963,7.317072868347168,0,100,0,217839.52960205078,60587.46240234375,0,404334895104,8589930496,65314340864,0
0,1727653232689,1818,2499,2499,1531,1789,2500,1016,860,1501,2499,2500,2499,2500,912,2500,1179,2499,2499,2500,2500,854,1461,2499,2500,842,1517,812,2499,1167,2499,2500,2500,0,100,0,0,0,100,10,0,0,0,0,0,100,0,100,0,100,61.904762268066406,100,100,0,0,0,100,0,0,0,0,0,0,35,0,217842.40496826172,60596.91815185547,0,404334895104,8589930496,65314299904,0
