Delta,Time,CPU_FREQUENCY_0,CPU_FREQUENCY_1,CPU_FREQUENCY_10,CPU_FREQUENCY_11,CPU_FREQUENCY_12,CPU_FREQUENCY_13,CPU_FREQUENCY_14,CPU_FREQUENCY_15,CPU_FREQUENCY_16,CPU_FREQUENCY_17,CPU_FREQUENCY_18,CPU_FREQUENCY_19,CPU_FREQUENCY_2,CPU_FREQUENCY_20,CPU_FREQUENCY_21,CPU_FREQUENCY_22,CPU_FREQUENCY_23,CPU_FREQUENCY_24,CPU_FREQUENCY_25,CPU_FREQUENCY_26,CPU_FREQUENCY_27,CPU_FREQUENCY_28,CPU_FREQUENCY_29,CPU_FREQUENCY_3,CPU_FREQUENCY_30,CPU_FREQUENCY_31,CPU_FREQUENCY_4,CPU_FREQUENCY_5,CPU_FREQUENCY_6,CPU_FREQUENCY_7,CPU_FREQUENCY_8,CPU_FREQUENCY_9,CPU_USAGE_0,CPU_USAGE_1,CPU_USAGE_10,CPU_USAGE_11,CPU_USAGE_12,CPU_USAGE_13,CPU_USAGE_14,CPU_USAGE_15,CPU_USAGE_16,CPU_USAGE_17,CPU_USAGE_18,CPU_USAGE_19,CPU_USAGE_2,CPU_USAGE_20,CPU_USAGE_21,CPU_USAGE_22,CPU_USAGE_23,CPU_USAGE_24,CPU_USAGE_25,CPU_USAGE_26,CPU_USAGE_27,CPU_USAGE_28,CPU_USAGE_29,CPU_USAGE_3,CPU_USAGE_30,CPU_USAGE_31,CPU_USAGE_4,CPU_USAGE_5,CPU_USAGE_6,CPU_USAGE_7,CPU_USAGE_8,CPU_USAGE_9,DRAM_ENERGY (J),PACKAGE_ENERGY (J),PP0_ENERGY (J),TOTAL_MEMORY,TOTAL_SWAP,USED_MEMORY,USED_SWAP
0,1727736666105,2100,2099,2500,2499,2499,2500,1318,1011,2492,2090,2100,2837,2099,2837,2100,2500,2835,2029,2499,2499,2500,2499,2500,2499,1936,1225,2500,2100,2845,2500,2081,2500,0,0,4.761904716491699,0,4.545454502105713,4.545454502105713,4.545454502105713,4.545454502105713,0,4.545454502105713,0,100,4.761904716491699,100,0,4.761904716491699,100,4.545454502105713,100,100,100,100,100,4.761904716491699,0,4.761904716491699,0,0,100,0,0,4.545454502105713,84492.33703613281,47499.071350097656,0,404334895104,8589930496,66262712320,0
199,1727736666105,2100,2099,2500,2499,2499,2500,1318,1011,2492,2090,2100,2837,2099,2837,2100,2500,2835,2029,2499,2499,2500,2499,2500,2499,1936,1225,2500,2100,2845,2500,2081,2500,0,0,4.761904716491699,0,4.545454502105713,4.545454502105713,4.545454502105713,4.545454502105713,0,4.545454502105713,0,100,4.761904716491699,100,0,4.761904716491699,100,4.545454502105713,100,100,100,100,100,4.761904716491699,0,4.761904716491699,0,0,100,0,0,4.545454502105713,84492.35083007813,47499.11376953125,0,404334895104,8589930496,66262761472,0
0,1727736666305,2100,2099,2500,2499,2499,2500,1318,1011,2492,2090,2100,2837,2099,2837,2100,2500,2835,2029,2499,2499,2500,2499,2500,2499,1936,1225,2500,2100,2845,2500,2081,2500,14.285715103149414,0,0,0,0,0,0,0,0,0,0,100,0,100,0,0,100,0,100,100,100,100,100,0,0,0,0,0,100,0,0,0,84495.107421875,47508.39471435547,0,404334895104,8589930496,66262716416,0
