Delta,Time,CPU_FREQUENCY_0,CPU_FREQUENCY_1,CPU_FREQUENCY_10,CPU_FREQUENCY_11,CPU_FREQUENCY_12,CPU_FREQUENCY_13,CPU_FREQUENCY_14,CPU_FREQUENCY_15,CPU_FREQUENCY_16,CPU_FREQUENCY_17,CPU_FREQUENCY_18,CPU_FREQUENCY_19,CPU_FREQUENCY_2,CPU_FREQUENCY_20,CPU_FREQUENCY_21,CPU_FREQUENCY_22,CPU_FREQUENCY_23,CPU_FREQUENCY_24,CPU_FREQUENCY_25,CPU_FREQUENCY_26,CPU_FREQUENCY_27,CPU_FREQUENCY_28,CPU_FREQUENCY_29,CPU_FREQUENCY_3,CPU_FREQUENCY_30,CPU_FREQUENCY_31,CPU_FREQUENCY_4,CPU_FREQUENCY_5,CPU_FREQUENCY_6,CPU_FREQUENCY_7,CPU_FREQUENCY_8,CPU_FREQUENCY_9,CPU_USAGE_0,CPU_USAGE_1,CPU_USAGE_10,CPU_USAGE_11,CPU_USAGE_12,CPU_USAGE_13,CPU_USAGE_14,CPU_USAGE_15,CPU_USAGE_16,CPU_USAGE_17,CPU_USAGE_18,CPU_USAGE_19,CPU_USAGE_2,CPU_USAGE_20,CPU_USAGE_21,CPU_USAGE_22,CPU_USAGE_23,CPU_USAGE_24,CPU_USAGE_25,CPU_USAGE_26,CPU_USAGE_27,CPU_USAGE_28,CPU_USAGE_29,CPU_USAGE_3,CPU_USAGE_30,CPU_USAGE_31,CPU_USAGE_4,CPU_USAGE_5,CPU_USAGE_6,CPU_USAGE_7,CPU_USAGE_8,CPU_USAGE_9,DRAM_ENERGY (J),PACKAGE_ENERGY (J),PP0_ENERGY (J),TOTAL_MEMORY,TOTAL_SWAP,USED_MEMORY,USED_SWAP
0,1727744257944,2100,2512,2500,2500,2500,2499,2364,2100,2100,2802,2802,2801,2516,2044,2075,1959,2509,2099,2499,2500,2499,2499,2500,2500,2363,2100,2007,2089,1768,2808,2100,2499,0,4.761904716491699,4.761904716491699,0,0,0,4.761904716491699,0,0,100,100,100,4.545454502105713,0,0,0,4.545454502105713,4.545454502105713,100,100,100,100,100,4.761904716491699,0,0,4.545454502105713,4.761904716491699,4.761904716491699,100,4.761904716491699,4.545454502105713,190482.48956298828,143035.00689697266,0,404334895104,8589930496,66293440512,0
199,1727744257944,2100,2512,2500,2500,2500,2499,2364,2100,2100,2802,2802,2801,2516,2044,2075,1959,2509,2099,2499,2500,2499,2499,2500,2500,2363,2100,2007,2089,1768,2808,2100,2499,0,4.761904716491699,4.761904716491699,0,0,0,4.761904716491699,0,0,100,100,100,4.545454502105713,0,0,0,4.545454502105713,4.545454502105713,100,100,100,100,100,4.761904716491699,0,0,4.545454502105713,4.761904716491699,4.761904716491699,100,4.761904716491699,4.545454502105713,190482.5040283203,143035.05432128906,0,404334895104,8589930496,66293800960,0
0,1727744258144,2100,2512,2500,2500,2500,2499,2364,2100,2100,2802,2802,2801,2516,2044,2075,1959,2509,2099,2499,2500,2499,2499,2500,2500,2363,2100,2007,2089,1768,2808,2100,2499,0,0,0,0,0,0,0,0,0,100,100,100,0,0,0,0,0,0,100,100,100,100,100,0,0,0,0,4.761904716491699,9.523809432983398,100,0,0,190485.28125,143044.33154296875,0,404334895104,8589930496,66293444608,0
