Delta,Time,CPU_FREQUENCY_0,CPU_FREQUENCY_1,CPU_FREQUENCY_10,CPU_FREQUENCY_11,CPU_FREQUENCY_12,CPU_FREQUENCY_13,CPU_FREQUENCY_14,CPU_FREQUENCY_15,CPU_FREQUENCY_16,CPU_FREQUENCY_17,CPU_FREQUENCY_18,CPU_FREQUENCY_19,CPU_FREQUENCY_2,CPU_FREQUENCY_20,CPU_FREQUENCY_21,CPU_FREQUENCY_22,CPU_FREQUENCY_23,CPU_FREQUENCY_24,CPU_FREQUENCY_25,CPU_FREQUENCY_26,CPU_FREQUENCY_27,CPU_FREQUENCY_28,CPU_FREQUENCY_29,CPU_FREQUENCY_3,CPU_FREQUENCY_30,CPU_FREQUENCY_31,CPU_FREQUENCY_4,CPU_FREQUENCY_5,CPU_FREQUENCY_6,CPU_FREQUENCY_7,CPU_FREQUENCY_8,CPU_FREQUENCY_9,CPU_USAGE_0,CPU_USAGE_1,CPU_USAGE_10,CPU_USAGE_11,CPU_USAGE_12,CPU_USAGE_13,CPU_USAGE_14,CPU_USAGE_15,CPU_USAGE_16,CPU_USAGE_17,CPU_USAGE_18,CPU_USAGE_19,CPU_USAGE_2,CPU_USAGE_20,CPU_USAGE_21,CPU_USAGE_22,CPU_USAGE_23,CPU_USAGE_24,CPU_USAGE_25,CPU_USAGE_26,CPU_USAGE_27,CPU_USAGE_28,CPU_USAGE_29,CPU_USAGE_3,CPU_USAGE_30,CPU_USAGE_31,CPU_USAGE_4,CPU_USAGE_5,CPU_USAGE_6,CPU_USAGE_7,CPU_USAGE_8,CPU_USAGE_9,DRAM_ENERGY (J),PACKAGE_ENERGY (J),PP0_ENERGY (J),TOTAL_MEMORY,TOTAL_SWAP,USED_MEMORY,USED_SWAP
0,1727729123630,2499,2499,813,2839,1443,2839,2839,857,2500,2500,817,2500,938,2500,863,2499,803,1366,2864,842,2514,816,2709,2499,2513,1331,2499,912,2499,825,879,2705,26.829269409179688,2.5,2.5641026496887207,90.243896484375,0,100,100,2.5,75,100,0,100,2.5,100,2.5,0,0,2.5,2.5,0,15.384615898132324,0,0,2.5,0,0,2.5,2.5,100,5,2.5,100,241301.43475341797,220135.08673095703,0,404334895104,8589930496,66561794048,0
199,1727729123630,2499,2499,813,2839,1443,2839,2839,857,2500,2500,817,2500,938,2500,863,2499,803,1366,2864,842,2514,816,2709,2499,2513,1331,2499,912,2499,825,879,2705,26.829269409179688,2.5,2.5641026496887207,90.243896484375,0,100,100,2.5,75,100,0,100,2.5,100,2.5,0,0,2.5,2.5,0,15.384615898132324,0,0,2.5,0,0,2.5,2.5,100,5,2.5,100,241301.44885253906,220135.13232421875,0,404334895104,8589930496,66561867776,0
0,1727729123830,2499,2499,813,2839,1443,2839,2839,857,2500,2500,817,2500,938,2500,863,2499,803,1366,2864,842,2514,816,2709,2499,2513,1331,2499,912,2499,825,879,2705,0,0,0,0,0,100,100,0,100,100,0,100,0,100,0,0,0,0,0,0,100,10,0,0,0,0,0,0,100,0,0,100,241304.23315429688,220144.4403076172,0,404334895104,8589930496,66561818624,0
