Delta,Time,CPU_FREQUENCY_0,CPU_FREQUENCY_1,CPU_FREQUENCY_10,CPU_FREQUENCY_11,CPU_FREQUENCY_12,CPU_FREQUENCY_13,CPU_FREQUENCY_14,CPU_FREQUENCY_15,CPU_FREQUENCY_16,CPU_FREQUENCY_17,CPU_FREQUENCY_18,CPU_FREQUENCY_19,CPU_FREQUENCY_2,CPU_FREQUENCY_20,CPU_FREQUENCY_21,CPU_FREQUENCY_22,CPU_FREQUENCY_23,CPU_FREQUENCY_24,CPU_FREQUENCY_25,CPU_FREQUENCY_26,CPU_FREQUENCY_27,CPU_FREQUENCY_28,CPU_FREQUENCY_29,CPU_FREQUENCY_3,CPU_FREQUENCY_30,CPU_FREQUENCY_31,CPU_FREQUENCY_4,CPU_FREQUENCY_5,CPU_FREQUENCY_6,CPU_FREQUENCY_7,CPU_FREQUENCY_8,CPU_FREQUENCY_9,CPU_USAGE_0,CPU_USAGE_1,CPU_USAGE_10,CPU_USAGE_11,CPU_USAGE_12,CPU_USAGE_13,CPU_USAGE_14,CPU_USAGE_15,CPU_USAGE_16,CPU_USAGE_17,CPU_USAGE_18,CPU_USAGE_19,CPU_USAGE_2,CPU_USAGE_20,CPU_USAGE_21,CPU_USAGE_22,CPU_USAGE_23,CPU_USAGE_24,CPU_USAGE_25,CPU_USAGE_26,CPU_USAGE_27,CPU_USAGE_28,CPU_USAGE_29,CPU_USAGE_3,CPU_USAGE_30,CPU_USAGE_31,CPU_USAGE_4,CPU_USAGE_5,CPU_USAGE_6,CPU_USAGE_7,CPU_USAGE_8,CPU_USAGE_9,DRAM_ENERGY (J),PACKAGE_ENERGY (J),PP0_ENERGY (J),TOTAL_MEMORY,TOTAL_SWAP,USED_MEMORY,USED_SWAP
0,1727815729084,2499,2499,1947,2831,2100,2544,2598,2829,2499,2500,2500,1920,2500,1987,2100,2499,2499,2099,2099,1884,2637,2100,2823,1653,2823,2550,1986,2100,2500,2500,2100,2100,0,0,4.761904716491699,100,4.545454502105713,0,0,100,100,100,0,0,100,4.545454502105713,0,0,100,4.761904716491699,0,0,4.545454502105713,4.545454502105713,100,0,100,4.545454502105713,4.545454502105713,4.761904716491699,100,0,4.545454502105713,0,150815.22955322266,104343.52630615234,0,404334895104,8589930496,121938640896,0
199,1727815729085,2499,2499,1947,2831,2100,2544,2598,2829,2499,2500,2500,1920,2500,1987,2100,2499,2499,2099,2099,1884,2637,2100,2823,1653,2823,2550,1986,2100,2500,2500,2100,2100,0,0,4.761904716491699,100,4.545454502105713,0,0,100,100,100,0,0,100,4.545454502105713,0,0,100,4.761904716491699,0,0,4.545454502105713,4.545454502105713,100,0,100,4.545454502105713,4.545454502105713,4.761904716491699,100,0,4.545454502105713,0,150815.24291992188,104343.57391357422,0,404334895104,8589930496,121938726912,0
0,1727815729285,2499,2499,1947,2831,2100,2544,2598,2829,2499,2500,2500,1920,2500,1987,2100,2499,2499,2099,2099,1884,2637,2100,2823,1653,2823,2550,1986,2100,2500,2500,2100,2100,10.526315689086914,0,0,100,0,0,0,100,90,100,0,0,100,0,0,0,100,10.526315689086914,0,0,0,0,100,0,100,0,0,0,100,0,0,0,150818.0101928711,104352.94177246094,0,404334895104,8589930496,121938640896,0
