Delta,Time,CPU_FREQUENCY_0,CPU_FREQUENCY_1,CPU_FREQUENCY_10,CPU_FREQUENCY_11,CPU_FREQUENCY_12,CPU_FREQUENCY_13,CPU_FREQUENCY_14,CPU_FREQUENCY_15,CPU_FREQUENCY_16,CPU_FREQUENCY_17,CPU_FREQUENCY_18,CPU_FREQUENCY_19,CPU_FREQUENCY_2,CPU_FREQUENCY_20,CPU_FREQUENCY_21,CPU_FREQUENCY_22,CPU_FREQUENCY_23,CPU_FREQUENCY_24,CPU_FREQUENCY_25,CPU_FREQUENCY_26,CPU_FREQUENCY_27,CPU_FREQUENCY_28,CPU_FREQUENCY_29,CPU_FREQUENCY_3,CPU_FREQUENCY_30,CPU_FREQUENCY_31,CPU_FREQUENCY_4,CPU_FREQUENCY_5,CPU_FREQUENCY_6,CPU_FREQUENCY_7,CPU_FREQUENCY_8,CPU_FREQUENCY_9,CPU_USAGE_0,CPU_USAGE_1,CPU_USAGE_10,CPU_USAGE_11,CPU_USAGE_12,CPU_USAGE_13,CPU_USAGE_14,CPU_USAGE_15,CPU_USAGE_16,CPU_USAGE_17,CPU_USAGE_18,CPU_USAGE_19,CPU_USAGE_2,CPU_USAGE_20,CPU_USAGE_21,CPU_USAGE_22,CPU_USAGE_23,CPU_USAGE_24,CPU_USAGE_25,CPU_USAGE_26,CPU_USAGE_27,CPU_USAGE_28,CPU_USAGE_29,CPU_USAGE_3,CPU_USAGE_30,CPU_USAGE_31,CPU_USAGE_4,CPU_USAGE_5,CPU_USAGE_6,CPU_USAGE_7,CPU_USAGE_8,CPU_USAGE_9,DRAM_ENERGY (J),PACKAGE_ENERGY (J),PP0_ENERGY (J),TOTAL_MEMORY,TOTAL_SWAP,USED_MEMORY,USED_SWAP
0,1727806564490,924,2519,2100,2500,2499,1099,2500,2499,2100,2763,2099,2598,2100,2761,2528,1923,2100,2500,2100,2100,2500,2499,1511,2768,2500,2499,2551,2768,2095,2061,2499,2099,4.761904716491699,0,0,0,4.761904716491699,0,0,4.761904716491699,0,100,0,0,0,100,0,0,0,0,0,0,100,100,0,100,100,100,0,100,0,0,100,0,21417.581604003906,199670.00903320313,0,404334895104,8589930496,122011766784,0
199,1727806564491,924,2519,2100,2500,2499,1099,2500,2499,2100,2763,2099,2598,2100,2761,2528,1923,2100,2500,2100,2100,2500,2499,1511,2768,2500,2499,2551,2768,2095,2061,2499,2099,4.761904716491699,0,0,0,4.761904716491699,0,0,4.761904716491699,0,100,0,0,0,100,0,0,0,0,0,0,100,100,0,100,100,100,0,100,0,0,100,0,21417.59716796875,199670.0546875,0,404334895104,8589930496,122012028928,0
0,1727806564691,924,2519,2100,2500,2499,1099,2500,2499,2100,2763,2099,2598,2100,2761,2528,1923,2100,2500,2100,2100,2500,2499,1511,2768,2500,2499,2551,2768,2095,2061,2499,2099,4.761904716491699,0,0,0,0,0,0,0,0,100,0,0,10,100,0,0,0,0,0,0,100,100,0,100,100,100,0,100,0,0,100,0,21420.44659423828,199679.41436767578,0,404334895104,8589930496,122011762688,0
