Delta,Time,CPU_FREQUENCY_0,CPU_FREQUENCY_1,CPU_FREQUENCY_10,CPU_FREQUENCY_11,CPU_FREQUENCY_12,CPU_FREQUENCY_13,CPU_FREQUENCY_14,CPU_FREQUENCY_15,CPU_FREQUENCY_16,CPU_FREQUENCY_17,CPU_FREQUENCY_18,CPU_FREQUENCY_19,CPU_FREQUENCY_2,CPU_FREQUENCY_20,CPU_FREQUENCY_21,CPU_FREQUENCY_22,CPU_FREQUENCY_23,CPU_FREQUENCY_24,CPU_FREQUENCY_25,CPU_FREQUENCY_26,CPU_FREQUENCY_27,CPU_FREQUENCY_28,CPU_FREQUENCY_29,CPU_FREQUENCY_3,CPU_FREQUENCY_30,CPU_FREQUENCY_31,CPU_FREQUENCY_4,CPU_FREQUENCY_5,CPU_FREQUENCY_6,CPU_FREQUENCY_7,CPU_FREQUENCY_8,CPU_FREQUENCY_9,CPU_USAGE_0,CPU_USAGE_1,CPU_USAGE_10,CPU_USAGE_11,CPU_USAGE_12,CPU_USAGE_13,CPU_USAGE_14,CPU_USAGE_15,CPU_USAGE_16,CPU_USAGE_17,CPU_USAGE_18,CPU_USAGE_19,CPU_USAGE_2,CPU_USAGE_20,CPU_USAGE_21,CPU_USAGE_22,CPU_USAGE_23,CPU_USAGE_24,CPU_USAGE_25,CPU_USAGE_26,CPU_USAGE_27,CPU_USAGE_28,CPU_USAGE_29,CPU_USAGE_3,CPU_USAGE_30,CPU_USAGE_31,CPU_USAGE_4,CPU_USAGE_5,CPU_USAGE_6,CPU_USAGE_7,CPU_USAGE_8,CPU_USAGE_9,DRAM_ENERGY (J),PACKAGE_ENERGY (J),PP0_ENERGY (J),TOTAL_MEMORY,TOTAL_SWAP,USED_MEMORY,USED_SWAP
0,1727713968874,1308,1643,2499,963,2499,843,2500,884,948,1045,1500,2752,824,2752,932,2752,2752,2499,2500,2500,961,2500,814,2505,2500,823,2566,1139,2506,2527,2500,2499,7.500000476837158,2.5,2.5641026496887207,2.5,2.5641026496887207,0,0,0,2.5,0,0,100,0,100,2.5641026496887207,100,100,0,100,100,5,100,0,0,100,2.4390242099761963,0,2.5641026496887207,2.5,0,100,2.5,27905.879821777344,32500.915771484375,0,404334895104,8589930496,66027446272,0
199,1727713968874,1308,1643,2499,963,2499,843,2500,884,948,1045,1500,2752,824,2752,932,2752,2752,2499,2500,2500,961,2500,814,2505,2500,823,2566,1139,2506,2527,2500,2499,7.500000476837158,2.5,2.5641026496887207,2.5,2.5641026496887207,0,0,0,2.5,0,0,100,0,100,2.5641026496887207,100,100,0,100,100,5,100,0,0,100,2.4390242099761963,0,2.5641026496887207,2.5,0,100,2.5,27905.879821777344,32500.915771484375,0,404334895104,8589930496,66027499520,0
0,1727713969074,1308,1643,2499,963,2499,843,2500,884,948,1045,1500,2752,824,2752,932,2752,2752,2499,2500,2500,961,2500,814,2505,2500,823,2566,1139,2506,2527,2500,2499,10,0,0,0,0,0,0,0,0,0,0,100,0,100,0,100,100,0,100,100,0,100,0,0,100,0,0,0,0,0,100,0,27908.796508789063,32510.30145263672,0,404334895104,8589930496,66027450368,0
